date,portfolio_value,daily_pnl,zscore_SLB_HAL,position_SLB_HAL,hedgert_SLB_HAL,value_SLB_HAL,zscore_PSX_VLO,position_PSX_VLO,hedgert_PSX_VLO,value_PSX_VLO,zscore_XOM_CVX,position_XOM_CVX,hedgert_XOM_CVX,value_XOM_CVX
2025-03-03,99999.99,0.0,0.347536,flat,0.328506,33333.33,1.368567,flat,0.680129,33333.33,-0.397621,flat,0.51709,33333.33
2025-03-04,99999.99,0.0,0.051228,flat,0.295996,33333.33,0.850608,flat,0.655234,33333.33,-0.336208,flat,0.483488,33333.33
2025-03-05,99999.99,0.0,0.208124,flat,0.269583,33333.33,1.094663,flat,0.63079,33333.33,-0.724546,flat,0.475091,33333.33
2025-03-06,99999.99,0.0,0.308495,flat,0.250814,33333.33,1.193731,flat,0.61615,33333.33,-0.350184,flat,0.45592,33333.33
2025-03-07,99999.99,0.0,1.185131,flat,0.227784,33333.33,1.860817,flat,0.603218,33333.33,-0.249109,flat,0.444546,33333.33
2025-03-10,99999.99,0.0,0.997239,flat,0.20569,33333.33,1.835829,flat,0.582893,33333.33,0.317363,flat,0.440582,33333.33
2025-03-11,99999.99,0.0,0.309481,flat,0.200385,33333.33,1.694591,flat,0.560942,33333.33,-0.031754,flat,0.431591,33333.33
2025-03-12,99999.99,0.0,0.249117,flat,0.186105,33333.33,1.481157,flat,0.546182,33333.33,0.069873,flat,0.425556,33333.33
2025-03-13,99999.99,0.0,0.220601,flat,0.177188,33333.33,1.039602,flat,0.540146,33333.33,-0.094436,flat,0.420959,33333.33
2025-03-14,99999.99,0.0,0.845738,flat,0.172095,33333.33,1.606314,flat,0.53859,33333.33,0.417654,flat,0.425962,33333.33
2025-03-17,99999.99,0.0,1.003993,flat,0.165396,33333.33,1.674193,flat,0.541476,33333.33,0.69776,flat,0.443461,33333.33
2025-03-18,99999.99,0.0,0.80411,flat,0.160783,33333.33,1.571119,flat,0.540378,33333.33,0.493599,flat,0.460443,33333.33
2025-03-19,99999.99,0.0,0.68658,flat,0.145296,33333.33,1.451398,flat,0.530509,33333.33,0.598223,flat,0.488087,33333.33
2025-03-20,99999.99,0.0,0.74184,flat,0.119293,33333.33,1.267141,flat,0.512406,33333.33,0.584136,flat,0.522115,33333.33
2025-03-21,99999.99,0.0,0.494128,flat,0.100378,33333.33,0.83682,flat,0.483158,33333.33,0.446182,flat,0.548603,33333.33
2025-03-24,99999.99,0.0,0.813834,flat,0.091511,33333.33,0.980778,flat,0.449452,33333.33,0.431048,flat,0.581703,33333.33
2025-03-25,99999.99,0.0,1.133819,flat,0.093049,33333.33,0.714369,flat,0.415894,33333.33,0.457777,flat,0.61647,33333.33
2025-03-26,99999.99,0.0,1.169436,flat,0.094488,33333.33,0.718082,flat,0.383553,33333.33,0.536792,flat,0.662158,33333.33
2025-03-27,99999.99,0.0,0.944691,flat,0.094441,33333.33,0.372503,flat,0.343759,33333.33,0.507492,flat,0.707185,33333.33
2025-03-28,99999.99,0.0,0.782329,flat,0.098165,33333.33,-0.237412,flat,0.289126,33333.33,0.457161,flat,0.75467,33333.33
2025-03-31,99999.99,0.0,0.663407,flat,0.107876,33333.33,0.103835,flat,0.246852,33333.33,0.472114,flat,0.818449,33333.33
2025-04-01,99999.99,0.0,0.872739,flat,0.12812,33333.33,0.197684,flat,0.203769,33333.33,0.272608,flat,0.858641,33333.33
2025-04-02,99999.99,0.0,0.811059,flat,0.149418,33333.33,0.114322,flat,0.169243,33333.33,0.40397,flat,0.899337,33333.33
2025-04-03,99983.33,0.0,-0.480632,flat,0.192979,33333.33,-2.856017,long_spread,0.288863,33316.67,0.509789,flat,0.930421,33333.33
2025-04-04,100065.02,98.35,-2.126335,long_spread,0.335965,33316.67,-3.019732,long_spread,0.496107,33415.02,0.605728,flat,0.914525,33333.33
2025-04-07,98579.81,-1485.2,-2.613276,long_spread,0.452801,32522.83,-3.061019,long_spread,0.631299,32723.65,0.640127,flat,0.871149,33333.33
2025-04-08,98188.13,-391.68,-2.382304,long_spread,0.548224,32532.75,-3.166176,long_spread,0.744585,32322.05,0.459112,flat,0.832016,33333.33
2025-04-09,98004.93000000001,-183.20000000000002,-1.053003,long_spread,0.577548,32211.27,-2.059573,long_spread,0.7833,32460.33,0.309323,flat,0.822267,33333.33
2025-04-10,97777.2,-227.72,-2.066717,long_spread,0.641374,31984.98,-2.14269,long_spread,0.838499,32458.89,0.403985,flat,0.798666,33333.33
2025-04-11,97657.57,-119.64,-1.350374,long_spread,0.687192,32051.69,-2.14334,long_spread,0.89099,32272.55,0.945707,flat,0.755439,33333.33
2025-04-14,97628.63,-28.939999999999998,-1.335829,long_spread,0.734537,31895.91,-1.708178,long_spread,0.936346,32399.39,0.909002,flat,0.721007,33333.33
2025-04-15,97694.96,66.33,-1.295908,long_spread,0.771772,31820.68,-1.272259,long_spread,0.979665,32540.95,0.826022,flat,0.693854,33333.33
2025-04-16,97868.41,173.45,-1.037248,long_spread,0.800936,31869.71,-0.900868,long_spread,1.01053,32665.37,0.88258,flat,0.667903,33333.33
2025-04-17,97479.62,-388.79,-1.304433,long_spread,0.832179,31499.73,-0.870991,long_spread,1.029339,32646.56,1.134686,flat,0.642799,33333.33
2025-04-21,97522.93,43.31,-0.988832,long_spread,0.855376,31706.35,-1.036537,long_spread,1.058818,32483.25,1.12767,flat,0.612881,33333.33
2025-04-22,98495.1,988.84,0.361211,long_spread,0.861128,32567.44,-0.834854,long_spread,1.081824,32594.33,1.320804,flat,0.58816,33333.33
2025-04-23,98503.13,8.03,0.007984,flat,0.865021,32567.44,-0.811423,long_spread,1.106955,32602.36,1.086741,flat,0.568836,33333.33
2025-04-24,98951.69,465.23,0.047403,flat,0.869598,32567.44,0.064134,long_spread,1.120259,33050.92,1.069648,flat,0.555225,33333.33
2025-04-25,98951.69,0.0,0.130631,flat,0.872823,32567.44,-0.262593,flat,1.139385,33050.92,1.030911,flat,0.541879,33333.33
2025-04-28,98951.69,0.0,0.033287,flat,0.878412,32567.44,-0.015202,flat,1.148642,33050.92,0.866775,flat,0.53272,33333.33
2025-04-29,98951.69,0.0,0.199326,flat,0.881192,32567.44,-0.185867,flat,1.157667,33050.92,0.833051,flat,0.520967,33333.33
2025-04-30,98951.69,0.0,0.303505,flat,0.879649,32567.44,-0.879627,flat,1.179459,33050.92,0.45434,flat,0.51296,33333.33
2025-05-01,98951.69,0.0,0.54181,flat,0.877456,32567.44,-0.639347,flat,1.215546,33050.92,0.445207,flat,0.506694,33333.33
2025-05-02,98951.69,0.0,0.518472,flat,0.878349,32567.44,-0.84134,flat,1.244293,33050.92,0.321822,flat,0.503125,33333.33
2025-05-05,98951.69,0.0,0.586002,flat,0.875134,32567.44,-1.032308,flat,1.258483,33050.92,-0.115993,flat,0.504906,33333.33
2025-05-06,98951.69,0.0,0.888438,flat,0.866671,32567.44,-0.711601,flat,1.270874,33050.92,0.215672,flat,0.502537,33333.33
2025-05-07,98951.69,0.0,0.862582,flat,0.859753,32567.44,-0.642152,flat,1.289061,33050.92,0.164385,flat,0.500891,33333.33
2025-05-08,98951.69,0.0,0.457034,flat,0.85942,32567.44,-1.1526,flat,1.295299,33050.92,0.386726,flat,0.497197,33333.33
2025-05-09,98951.69,0.0,0.48155,flat,0.857453,32567.44,-1.045042,flat,1.29502,33050.92,0.524682,flat,0.495795,33333.33
2025-05-12,98951.69,0.0,0.475031,flat,0.856066,32567.44,-1.291518,flat,1.28751,33050.92,0.65451,flat,0.495455,33333.33
2025-05-13,98951.69,0.0,0.591884,flat,0.855052,32567.44,-0.92912,flat,1.283497,33050.92,0.63606,flat,0.49533,33333.33
2025-05-14,98951.69,0.0,0.588554,flat,0.853797,32567.44,-0.908778,flat,1.283559,33050.92,0.450683,flat,0.49476,33333.33
2025-05-15,98951.69,0.0,0.562747,flat,0.855184,32567.44,-1.159779,flat,1.278269,33050.92,0.407749,flat,0.495438,33333.33
2025-05-16,98951.69,0.0,0.358284,flat,0.857972,32567.44,-1.023956,flat,1.276166,33050.92,0.320564,flat,0.495307,33333.33
2025-05-19,98951.69,0.0,0.264764,flat,0.859884,32567.44,-1.421892,flat,1.26506,33050.92,0.227128,flat,0.495812,33333.33
2025-05-20,98951.69,0.0,0.285313,flat,0.867753,32567.44,-1.120628,flat,1.261582,33050.92,-0.03007,flat,0.498292,33333.33
2025-05-21,98935.02,0.0,0.404947,flat,0.873052,32567.44,-2.130833,long_spread,1.255654,33034.25,-0.182475,flat,0.503547,33333.33
2025-05-22,98993.44,58.41,0.235485,flat,0.879679,32567.44,-2.020244,long_spread,1.243676,33092.67,-0.319148,flat,0.509471,33333.33
2025-05-23,99037.26,43.82,0.226756,flat,0.887227,32567.44,-1.859922,long_spread,1.229405,33136.49,-0.413577,flat,0.516241,33333.33
2025-05-27,98934.61,-102.65,0.371633,flat,0.892899,32567.44,-2.05151,long_spread,1.208395,33033.84,-0.406665,flat,0.522438,33333.33
2025-05-28,99186.89,252.28,0.217652,flat,0.897139,32567.44,-1.358828,long_spread,1.199122,33286.12,-0.570032,flat,0.530717,33333.33
2025-05-29,99176.38,-10.51,0.024728,flat,0.89943,32567.44,-1.425852,long_spread,1.189379,33275.61,-0.605121,flat,0.537602,33333.33
2025-05-30,99026.76,-149.62,0.112946,flat,0.900045,32567.44,-1.615659,long_spread,1.18351,33125.99,-0.577607,flat,0.545674,33333.33
2025-06-02,99229.57,202.81,-0.168087,flat,0.902981,32567.44,-1.171092,long_spread,1.17538,33328.8,-0.501902,flat,0.552982,33333.33
2025-06-03,99131.81,-97.76,-0.053767,flat,0.901178,32567.44,-1.360578,long_spread,1.1614,33231.04,-0.487901,flat,0.561635,33333.33
2025-06-04,99191.34,59.53,-0.244008,flat,0.900752,32567.44,-1.02612,long_spread,1.152544,33290.57,-0.621045,flat,0.568194,33333.33
2025-06-05,99109.62,-81.72,-0.293045,flat,0.904693,32567.44,-1.11502,long_spread,1.14918,33208.85,-0.676893,flat,0.57649,33333.33
2025-06-06,99222.02,112.4,-0.339011,flat,0.909106,32567.44,-0.90637,long_spread,1.142136,33321.25,-0.42011,flat,0.5809,33333.33
2025-06-09,99497.56,275.54,-0.704965,flat,0.911087,32567.44,-0.376792,long_spread,1.137151,33596.79,-0.309829,flat,0.58668,33333.33
2025-06-10,99393.08,-104.47,-0.469356,flat,0.910957,32567.44,-0.600438,long_spread,1.124973,33492.31,-0.043535,flat,0.589747,33333.33
2025-06-11,99440.15,47.06,-0.824472,flat,0.908183,32567.44,-0.503299,long_spread,1.109891,33539.38,0.296402,flat,0.59076,33333.33
2025-06-12,99589.23,149.08,-0.618073,flat,0.905644,32567.44,-0.166177,long_spread,1.097801,33688.46,0.362655,flat,0.595314,33333.33
2025-06-13,99599.59,10.36,-1.399336,flat,0.895905,32567.44,-0.103376,long_spread,1.085839,33698.82,0.797832,flat,0.601266,33333.33
2025-06-16,99343.78,-255.81,-1.344727,flat,0.883417,32567.44,-0.526511,long_spread,1.070178,33443.01,0.845391,flat,0.608222,33333.33
2025-06-17,98981.48,-362.3,-1.260722,flat,0.86873,32567.44,-1.083141,long_spread,1.049178,33080.71,0.856324,flat,0.621148,33333.33
2025-06-18,99292.85,311.36,-0.641127,flat,0.862582,32567.44,-0.418287,long_spread,1.035917,33392.08,0.710946,flat,0.634659,33333.33
2025-06-20,99086.31,-206.54,-0.610957,flat,0.848628,32567.44,-0.696883,long_spread,1.020647,33185.54,0.858386,flat,0.652268,33333.33
2025-06-23,99062.74,-23.57,-0.627422,flat,0.833836,32567.44,-0.650925,long_spread,1.007451,33161.97,0.465005,flat,0.665392,33333.33
2025-06-24,98994.03,-68.71,-0.80758,flat,0.812962,32567.44,-0.709496,long_spread,0.995851,33093.26,0.049157,flat,0.677174,33333.33
2025-06-25,99033.41,39.38,-0.504006,flat,0.785357,32567.44,-0.593187,long_spread,0.987701,33132.64,0.081789,flat,0.692421,33333.33
2025-06-26,98955.61,-77.8,-0.361919,flat,0.752569,32567.44,-0.663869,long_spread,0.97682,33054.84,0.291221,flat,0.711129,33333.33
2025-06-27,99104.2,148.58,-0.143911,flat,0.694887,32567.44,-0.362561,long_spread,0.968412,33203.43,0.192681,flat,0.752827,33333.33
2025-06-30,99144.44,40.24,-0.163105,flat,0.598503,32567.44,-0.25271,long_spread,0.960854,33243.67,-0.14262,flat,0.812325,33333.33
2025-07-01,99236.92,92.49,0.363937,flat,0.54486,32567.44,-0.06325,long_spread,0.967587,33336.15,-0.22971,flat,0.882076,33333.33
2025-07-02,99195.79,-41.14,0.548709,flat,0.564098,32567.44,-0.145341,long_spread,0.984137,33295.02,-0.209847,flat,0.893046,33333.33
2025-07-03,99009.74,-186.05,0.470425,flat,0.564048,32567.44,-0.441617,long_spread,0.981919,33108.97,-0.020541,flat,0.893239,33333.33
2025-07-07,98990.18000000001,-19.57,0.366011,flat,0.54231,32567.44,-0.432717,long_spread,0.96948,33089.41,-0.110187,flat,0.874132,33333.33
2025-07-08,98893.94,-96.24,0.692333,flat,0.550039,32567.44,-0.522552,long_spread,0.960759,32993.17,-0.324681,flat,0.887109,33333.33
2025-07-09,98914.27,20.33,0.528556,flat,0.548296,32567.44,-0.434909,long_spread,0.950743,33013.5,-0.306441,flat,0.849571,33333.33
2025-07-10,98769.41,-144.86,0.703175,flat,0.563368,32567.44,-0.54059,long_spread,0.93445,32868.64,-0.1839,flat,0.83586,33333.33
2025-07-11,98628.51000000001,-140.89,0.48865,flat,0.582621,32567.44,-0.731751,long_spread,0.918087,32727.74,-0.198945,flat,0.823738,33333.33
2025-07-14,98739.98,111.47,0.389768,flat,0.592472,32567.44,-0.540929,long_spread,0.906035,32839.21,-0.028416,flat,0.82131,33333.33
2025-07-15,98653.52,-86.46,-0.042652,flat,0.597424,32567.44,-0.646014,long_spread,0.894616,32752.75,-0.11734,flat,0.819559,33333.33
2025-07-16,98683.65,30.13,-0.324135,flat,0.615101,32567.44,-0.677428,long_spread,0.885371,32782.88,-0.15702,flat,0.820221,33333.33
2025-07-17,98714.36,30.72,-0.510392,flat,0.622434,32567.44,-0.545373,long_spread,0.869806,32813.59,-0.47983,flat,0.823836,33333.33
2025-07-18,98640.89,-73.48,-1.324812,flat,0.617329,32567.44,-0.59801,long_spread,0.857873,32740.12,-1.152633,flat,0.81027,33333.33
2025-07-21,98645.83,4.94,-1.094547,flat,0.612393,32567.44,-0.551551,long_spread,0.847291,32745.06,-0.996978,flat,0.802219,33333.33
2025-07-22,98791.07,145.24,-0.589235,flat,0.608586,32567.44,-0.320747,long_spread,0.849782,32890.3,-0.889434,flat,0.790917,33333.33
2025-07-23,98735.97,-55.1,-0.396775,flat,0.602883,32567.44,-0.330348,long_spread,0.847195,32835.2,-0.917526,flat,0.77369,33333.33
2025-07-24,99067.19,347.89,-0.624583,flat,0.589681,32567.44,0.08925,long_spread,0.853509,33166.42,-0.978988,flat,0.745455,33333.33
2025-07-25,99067.19,0.0,-0.443616,flat,0.580719,32567.44,-0.04914,flat,0.858084,33166.42,-0.885548,flat,0.726781,33333.33
2025-07-28,99067.19,0.0,-0.285188,flat,0.570175,32567.44,0.098821,flat,0.852517,33166.42,-0.764855,flat,0.711491,33333.33
2025-07-29,99067.19,0.0,-0.683482,flat,0.554277,32567.44,0.26622,flat,0.848521,33166.42,-0.491598,flat,0.704594,33333.33
2025-07-30,99067.19,0.0,-1.325252,flat,0.536449,32567.44,0.269132,flat,0.846596,33166.42,-0.297184,flat,0.701533,33333.33
2025-07-31,99067.19,0.0,-1.56517,flat,0.515467,32567.44,0.434133,flat,0.84078,33166.42,-0.124368,flat,0.697275,33333.33
2025-08-01,99067.19,0.0,-1.634419,flat,0.514335,32567.44,0.211682,flat,0.83256,33166.42,-0.545075,flat,0.694537,33333.33
2025-08-04,99067.19,0.0,-1.786951,flat,0.512727,32567.44,0.312497,flat,0.823618,33166.42,-1.011344,flat,0.685203,33333.33
2025-08-05,99067.19,0.0,-1.248756,flat,0.511566,32567.44,0.132772,flat,0.816305,33166.42,-1.229101,flat,0.671344,33333.33
2025-08-06,99067.19,0.0,-1.444924,flat,0.520296,32567.44,0.181111,flat,0.812512,33166.42,-1.328524,flat,0.658318,33333.33
2025-08-07,99067.19,0.0,-1.229776,flat,0.528752,32567.44,0.21172,flat,0.815719,33166.42,-1.448739,flat,0.639784,33333.33
2025-08-08,99067.19,0.0,-1.134353,flat,0.535249,32567.44,0.067178,flat,0.819779,33166.42,-1.372612,flat,0.616893,33333.33
2025-08-11,99067.19,0.0,-1.216044,flat,0.550311,32567.44,0.17855,flat,0.824041,33166.42,-1.394061,flat,0.599363,33333.33
2025-08-12,99067.19,0.0,-1.038182,flat,0.558885,32567.44,0.310466,flat,0.825332,33166.42,-1.363041,flat,0.579484,33333.33
2025-08-13,99067.19,0.0,-0.670151,flat,0.560231,32567.44,0.441664,flat,0.82748,33166.42,-1.093566,flat,0.561491,33333.33
2025-08-14,99067.19,0.0,-1.021777,flat,0.564343,32567.44,0.539662,flat,0.829358,33166.42,-1.040466,flat,0.549696,33333.33
2025-08-15,99067.19,0.0,-1.012571,flat,0.575673,32567.44,0.578107,flat,0.835024,33166.42,-1.318395,flat,0.525082,33333.33
2025-08-18,99067.19,0.0,-0.885168,flat,0.589976,32567.44,0.372217,flat,0.823119,33166.42,-1.110618,flat,0.503544,33333.33
2025-08-19,99067.19,0.0,-0.657241,flat,0.604848,32567.44,0.003667,flat,0.813751,33166.42,-0.645673,flat,0.489254,33333.33
2025-08-20,99067.19,0.0,-0.606524,flat,0.621569,32567.44,-0.107107,flat,0.8039,33166.42,-0.465138,flat,0.471423,33333.33
2025-08-21,99067.19,0.0,-0.35911,flat,0.641915,32567.44,0.129284,flat,0.79557,33166.42,-0.457246,flat,0.450643,33333.33
2025-08-22,99067.19,0.0,0.250991,flat,0.66471,32567.44,0.553679,flat,0.793461,33166.42,-0.136854,flat,0.421872,33333.33
2025-08-25,99067.19,0.0,0.210094,flat,0.683608,32567.44,0.177769,flat,0.789754,33166.42,-0.005723,flat,0.396259,33333.33
2025-08-26,99067.19,0.0,0.338448,flat,0.709255,32567.44,0.285002,flat,0.781534,33166.42,0.020503,flat,0.362866,33333.33
2025-08-27,99067.19,0.0,0.456028,flat,0.732314,32567.44,0.298943,flat,0.780165,33166.42,0.222125,flat,0.336926,33333.33
2025-08-28,99067.19,0.0,0.505477,flat,0.761656,32567.44,0.276721,flat,0.779223,33166.42,0.362774,flat,0.318623,33333.33
2025-08-29,99067.19,0.0,0.634858,flat,0.795794,32567.44,0.31747,flat,0.771825,33166.42,0.540499,flat,0.283325,33333.33
2025-09-02,99067.19,0.0,-0.057552,flat,0.816166,32567.44,0.07358,flat,0.754358,33166.42,0.629485,flat,0.234197,33333.33
2025-09-03,99067.19,0.0,0.368286,flat,0.832215,32567.44,-0.724598,flat,0.722461,33166.42,0.16585,flat,0.193226,33333.33
2025-09-04,99067.19,0.0,0.228049,flat,0.841381,32567.44,-0.444453,flat,0.708432,33166.42,0.305729,flat,0.156472,33333.33
2025-09-05,99067.19,0.0,0.468739,flat,0.845065,32567.44,-0.576894,flat,0.691774,33166.42,-0.323435,flat,0.133396,33333.33
2025-09-08,99067.19,0.0,0.781055,flat,0.843014,32567.44,-0.875347,flat,0.671216,33166.42,-0.182363,flat,0.128364,33333.33
2025-09-09,99067.19,0.0,0.79655,flat,0.840941,32567.44,-0.862011,flat,0.650069,33166.42,-0.01347,flat,0.12781,33333.33
2025-09-10,99067.19,0.0,0.17266,flat,0.8554,32567.44,-0.61446,flat,0.641326,33166.42,0.331837,flat,0.153713,33333.33
2025-09-11,99067.19,0.0,0.354465,flat,0.871218,32567.44,-0.243659,flat,0.638315,33166.42,0.219295,flat,0.18133,33333.33
2025-09-12,99067.19,0.0,0.06935,flat,0.884272,32567.44,-0.498548,flat,0.629434,33166.42,0.252145,flat,0.205149,33333.33
2025-09-15,99067.19,0.0,-0.065306,flat,0.880418,32567.44,-0.477711,flat,0.622793,33166.42,0.279628,flat,0.230355,33333.33
2025-09-16,99067.19,0.0,-0.367467,flat,0.869366,32567.44,-0.5871,flat,0.610108,33166.42,0.688049,flat,0.271629,33333.33
2025-09-17,99067.19,0.0,-0.525829,flat,0.868221,32567.44,-0.614859,flat,0.594368,33166.42,0.748888,flat,0.315805,33333.33
2025-09-18,99067.19,0.0,-0.663836,flat,0.858522,32567.44,-0.938032,flat,0.570152,33166.42,0.486568,flat,0.330772,33333.33
2025-09-19,99067.19,0.0,-1.042129,flat,0.854394,32567.44,-1.089086,flat,0.545859,33166.42,0.368002,flat,0.340581,33333.33
2025-09-22,99067.19,0.0,-1.506619,flat,0.836078,32567.44,-1.358223,flat,0.513952,33166.42,0.188539,flat,0.367652,33333.33
2025-09-23,99050.52,0.0,-2.239331,long_spread,0.701922,32550.77,-0.971972,flat,0.486114,33166.42,0.522996,flat,0.405658,33333.33
2025-09-24,98993.15000000001,-57.38,-1.916177,long_spread,0.596964,32493.4,-0.03883,flat,0.478111,33166.42,0.516026,flat,0.433226,33333.33
2025-09-25,98837.51,-155.64,-1.74216,long_spread,0.506172,32337.76,0.180597,flat,0.481181,33166.42,0.580305,flat,0.488711,33333.33
2025-09-26,98977.18000000001,139.67,-1.027781,long_spread,0.452253,32477.43,0.144627,flat,0.485281,33166.42,0.90993,flat,0.570824,33333.33
2025-09-29,98860.88,-116.3,-1.111498,long_spread,0.410076,32361.13,0.028506,flat,0.486343,33166.42,0.614863,flat,0.636939,33333.33
2025-09-30,98778.74,-82.14,-1.383322,long_spread,0.377,32278.99,-0.13799,flat,0.484936,33166.42,0.375328,flat,0.710372,33333.33
2025-10-01,98920.01,141.28,-0.808217,long_spread,0.348988,32420.26,-0.211456,flat,0.482792,33166.42,0.298552,flat,0.729743,33333.33
2025-10-02,98805.82,-114.19,-1.269256,long_spread,0.319765,32306.07,0.12302,flat,0.483979,33166.42,0.300691,flat,0.74663,33333.33
2025-10-03,98923.23,117.41,-1.025342,long_spread,0.298195,32423.48,0.093506,flat,0.481909,33166.42,0.734526,flat,0.745569,33333.33
2025-10-06,99046.04,122.81,-0.66179,long_spread,0.26851,32546.29,-0.174528,flat,0.479703,33166.42,0.887863,flat,0.733255,33333.33
2025-10-07,99014.8,-31.24,-0.722217,long_spread,0.258291,32515.05,-0.261858,flat,0.477996,33166.42,0.801449,flat,0.775608,33333.33
2025-10-08,99047.97,33.17,-0.930102,long_spread,0.251089,32548.22,-0.422579,flat,0.475328,33166.42,0.912579,flat,0.815737,33333.33
2025-10-09,98999.33,-48.64,-1.427837,long_spread,0.241839,32499.58,-0.423256,flat,0.471036,33166.42,0.967339,flat,0.841196,33333.33
2025-10-10,99300.79,301.46,-2.158901,long_spread,0.254602,32801.04,-1.045861,flat,0.466327,33166.42,0.823386,flat,0.809949,33333.33
2025-10-13,99189.52,-111.27,-1.828928,long_spread,0.246581,32689.77,-0.626464,flat,0.462463,33166.42,0.718052,flat,0.776868,33333.33
2025-10-14,99385.06,195.54,-1.534699,long_spread,0.2422,32885.31,-0.443846,flat,0.459562,33166.42,0.647866,flat,0.753946,33333.33
2025-10-15,99421.69,36.64,-1.489709,long_spread,0.24635,32921.94,-0.614146,flat,0.456548,33166.42,0.509389,flat,0.736108,33333.33
2025-10-16,100017.64,595.95,-0.980423,long_spread,0.256924,33517.89,-0.489734,flat,0.455746,33166.42,0.31852,flat,0.719891,33333.33
2025-10-17,99524.39,-493.26,-1.334861,long_spread,0.259973,33024.64,-0.391483,flat,0.454718,33166.42,0.504516,flat,0.705053,33333.33
2025-10-20,99669.71,145.33,-0.748556,long_spread,0.258943,33169.96,-0.342799,flat,0.45346,33166.42,0.433954,flat,0.698635,33333.33
2025-10-21,97793.38,-1876.33,-1.290476,long_spread,0.219881,31293.63,-0.514958,flat,0.453812,33166.42,0.504414,flat,0.688897,33333.33
2025-10-22,97774.23,-19.15,-0.335112,long_spread,0.20368,31274.48,-0.219295,flat,0.455386,33166.42,0.743522,flat,0.686967,33333.33
2025-10-23,97714.06,-43.51,0.283239,long_spread,0.213523,31214.31,-0.143334,flat,0.455308,33166.42,0.901441,flat,0.707212,33333.33
2025-10-24,97714.06,0.0,0.255964,flat,0.21944,31214.31,-0.157109,flat,0.455667,33166.42,0.880224,flat,0.732639,33333.33
2025-10-27,97714.06,0.0,0.412475,flat,0.224008,31214.31,-0.291976,flat,0.448135,33166.42,1.020599,flat,0.732642,33333.33
2025-10-28,97714.06,0.0,0.211987,flat,0.222358,31214.31,-0.280541,flat,0.444554,33166.42,0.922706,flat,0.684727,33333.33
2025-10-29,97714.06,0.0,0.673655,flat,0.234717,31214.31,0.540092,flat,0.447081,33166.42,1.092989,flat,0.647507,33333.33
2025-10-30,97714.06,0.0,0.392178,flat,0.23461,31214.31,0.377763,flat,0.444534,33166.42,0.81729,flat,0.58127,33333.33
2025-10-31,97714.06,0.0,0.224816,flat,0.229969,31214.31,0.220512,flat,0.438816,33166.42,0.324979,flat,0.54637,33333.33
2025-11-03,97714.06,0.0,0.820519,flat,0.235515,31214.31,0.44695,flat,0.432342,33166.42,0.48595,flat,0.521296,33333.33
2025-11-04,97714.06,0.0,0.245835,flat,0.22555,31214.31,0.176436,flat,0.419381,33166.42,0.57083,flat,0.457132,33333.33
2025-11-05,97714.06,0.0,0.489339,flat,0.224422,31214.31,0.148903,flat,0.409536,33166.42,0.467319,flat,0.410255,33333.33
2025-11-06,97714.06,0.0,0.279447,flat,0.225013,31214.31,0.224423,flat,0.408083,33166.42,0.593656,flat,0.389761,33333.33
2025-11-07,97714.06,0.0,0.433332,flat,0.225035,31214.31,0.194907,flat,0.406931,33166.42,1.022853,flat,0.372118,33333.33
2025-11-10,97714.06,0.0,0.568217,flat,0.224567,31214.31,0.099336,flat,0.407472,33166.42,1.156933,flat,0.390933,33333.33
2025-11-11,97714.06,0.0,0.948921,flat,0.231981,31214.31,0.434028,flat,0.409198,33166.42,1.407372,flat,0.39541,33333.33
2025-11-12,97714.06,0.0,0.062826,flat,0.226765,31214.31,0.083761,flat,0.396237,33166.42,1.161865,flat,0.296583,33333.33
2025-11-13,97714.06,0.0,0.224826,flat,0.222829,31214.31,0.509774,flat,0.39088,33166.42,1.157994,flat,0.258057,33333.33
2025-11-14,97714.06,0.0,0.609873,flat,0.226375,31214.31,0.677606,flat,0.397577,33166.42,1.134882,flat,0.285464,33333.33
2025-11-17,97714.06,0.0,-0.096754,flat,0.231576,31214.31,-0.3118,flat,0.408458,33166.42,0.89194,flat,0.297524,33333.33
2025-11-18,97714.06,0.0,0.043926,flat,0.238136,31214.31,-0.388585,flat,0.409217,33166.42,1.209686,flat,0.283702,33333.33
2025-11-19,97714.06,0.0,-0.015314,flat,0.245279,31214.31,-0.86897,flat,0.406975,33166.42,0.887399,flat,0.249833,33333.33
2025-11-20,97714.06,0.0,-0.302903,flat,0.253372,31214.31,-0.756758,flat,0.421307,33166.42,0.820079,flat,0.212535,33333.33
2025-11-21,97714.06,0.0,0.418973,flat,0.26549,31214.31,-0.55773,flat,0.437918,33166.42,0.78868,flat,0.170513,33333.33
2025-11-24,97714.06,0.0,0.106318,flat,0.277701,31214.31,-0.73328,flat,0.456049,33166.42,0.512701,flat,0.141349,33333.33
2025-11-25,97714.06,0.0,0.251921,flat,0.286804,31214.31,-0.501704,flat,0.472951,33166.42,0.197626,flat,0.128103,33333.33
2025-11-26,97714.06,0.0,0.036718,flat,0.297813,31214.31,-0.341359,flat,0.47485,33166.42,0.228905,flat,0.137768,33333.33
2025-11-28,97714.06,0.0,0.342043,flat,0.311916,31214.31,-0.095533,flat,0.484996,33166.42,0.431426,flat,0.137455,33333.33
2025-12-01,97714.06,0.0,0.461406,flat,0.33069,31214.31,0.176495,flat,0.497372,33166.42,0.518083,flat,0.110467,33333.33
2025-12-02,97714.06,0.0,0.160253,flat,0.353015,31214.31,-0.120872,flat,0.497416,33166.42,0.246512,flat,0.089614,33333.33
2025-12-03,97714.06,0.0,0.809333,flat,0.384618,31214.31,0.468155,flat,0.505789,33166.42,0.722446,flat,0.068197,33333.33
2025-12-04,97714.06,0.0,0.990185,flat,0.413228,31214.31,0.540129,flat,0.516472,33166.42,0.554273,flat,0.0756,33333.33
2025-12-05,97714.06,0.0,0.884872,flat,0.447224,31214.31,0.583722,flat,0.535034,33166.42,0.438383,flat,0.083258,33333.33
2025-12-08,97714.06,0.0,0.812427,flat,0.478196,31214.31,0.560763,flat,0.548351,33166.42,0.317964,flat,0.084797,33333.33
2025-12-09,97714.06,0.0,0.537812,flat,0.508554,31214.31,0.553982,flat,0.564126,33166.42,0.771318,flat,0.057957,33333.33
2025-12-10,97714.06,0.0,1.326633,flat,0.548068,31214.31,1.270555,flat,0.583318,33166.42,0.994436,flat,0.037901,33333.33
2025-12-11,97714.06,0.0,1.419947,flat,0.589455,31214.31,1.571973,flat,0.591376,33166.42,0.96436,flat,0.001301,33333.33
2025-12-12,97714.06,0.0,0.992655,flat,0.623505,31214.31,1.498121,flat,0.582227,33166.42,0.780365,flat,-0.016532,33333.33
2025-12-15,97714.06,0.0,0.6715,flat,0.650027,31214.31,1.512436,flat,0.56611,33166.42,0.527396,flat,-0.022542,33333.33
2025-12-16,97714.06,0.0,0.512178,flat,0.667224,31214.31,-0.096519,flat,0.559534,33166.42,-0.135563,flat,0.014135,33333.33
2025-12-17,97714.06,0.0,0.787504,flat,0.674591,31214.31,-0.068804,flat,0.560429,33166.42,0.448136,flat,0.010837,33333.33
2025-12-18,97714.06,0.0,0.671722,flat,0.67987,31214.31,-0.588022,flat,0.57027,33166.42,0.250977,flat,0.009237,33333.33
2025-12-19,97714.06,0.0,0.445273,flat,0.682927,31214.31,-0.695035,flat,0.577629,33166.42,0.262531,flat,-0.010949,33333.33
2025-12-22,97714.06,0.0,0.30122,flat,0.687036,31214.31,-0.735394,flat,0.583299,33166.42,0.553235,flat,-0.076321,33333.33
2025-12-23,97714.06,0.0,0.214593,flat,0.689494,31214.31,-0.809098,flat,0.589862,33166.42,0.816326,flat,-0.087203,33333.33
2025-12-24,97714.06,0.0,0.137782,flat,0.689681,31214.31,-0.913473,flat,0.598809,33166.42,0.751645,flat,-0.082774,33333.33
2025-12-26,97714.06,0.0,0.054037,flat,0.691222,31214.31,-0.985953,flat,0.609822,33166.42,0.696886,flat,-0.079649,33333.33
2025-12-29,97714.06,0.0,0.004509,flat,0.689974,31214.31,-0.938995,flat,0.621967,33166.42,0.981165,flat,-0.081273,33333.33
2025-12-30,97714.06,0.0,0.237488,flat,0.692033,31214.31,-0.593113,flat,0.639363,33166.42,1.069157,flat,-0.067984,33333.33
2025-12-31,97714.06,0.0,0.262663,flat,0.69597,31214.31,-0.448042,flat,0.649487,33166.42,0.908914,flat,-0.05391,33333.33
2026-01-02,97714.06,0.0,0.617401,flat,0.704878,31214.31,-0.378849,flat,0.656041,33166.42,1.34189,flat,0.038712,33333.33
2026-01-05,97714.06,0.0,1.356684,flat,0.732749,31214.31,-0.03466,flat,0.657138,33166.42,1.367766,flat,0.277726,33333.33
2026-01-06,97714.06,0.0,1.820099,flat,0.758387,31214.31,-0.478108,flat,0.651956,33166.42,0.747984,flat,0.306025,33333.33
2026-01-07,97714.06,0.0,1.235211,flat,0.777203,31214.31,-0.737833,flat,0.623692,33166.42,0.259181,flat,0.267001,33333.33
2026-01-08,97714.06,0.0,1.171015,flat,0.804036,31214.31,-0.121644,flat,0.616833,33166.42,0.925897,flat,0.327174,33333.33
2026-01-09,97714.06,0.0,1.131602,flat,0.841632,31214.31,0.034692,flat,0.617836,33166.42,0.961389,flat,0.414191,33333.33
2026-01-12,97714.06,0.0,1.421298,flat,0.887919,31214.31,-0.090355,flat,0.614014,33166.42,0.714296,flat,0.465345,33333.33
2026-01-13,97714.06,0.0,0.960856,flat,0.972013,31214.31,-0.527234,flat,0.608044,33166.42,0.961665,flat,0.530883,33333.33
2026-01-14,97714.06,0.0,0.882256,flat,1.049986,31214.31,-0.204248,flat,0.607078,33166.42,1.139733,flat,0.636264,33333.33
2026-01-15,97714.06,0.0,0.50308,flat,1.140838,31214.31,-0.293968,flat,0.603877,33166.42,0.856679,flat,0.704548,33333.33
2026-01-16,97714.06,0.0,0.737921,flat,1.151534,31214.31,-0.526248,flat,0.593805,33166.42,0.852547,flat,0.757866,33333.33
2026-01-20,97714.06,0.0,1.002218,flat,1.164244,31214.31,-0.578904,flat,0.585438,33166.42,0.941474,flat,0.813177,33333.33
2026-01-21,97714.06,0.0,0.834841,flat,1.178464,31214.31,-0.215829,flat,0.579668,33166.42,1.193141,flat,0.883977,33333.33
2026-01-22,97714.06,0.0,0.84232,flat,1.194762,31214.31,-0.035081,flat,0.578861,33166.42,1.065244,flat,0.937543,33333.33
2026-01-23,97714.06,0.0,0.472078,flat,1.202785,31214.31,-0.130276,flat,0.576026,33166.42,1.174305,flat,0.988736,33333.33
2026-01-26,97714.06,0.0,0.522221,flat,1.211028,31214.31,-0.021222,flat,0.574547,33166.42,0.92492,flat,1.024306,33333.33
2026-01-27,97714.06,0.0,0.869017,flat,1.223474,31214.31,-0.059782,flat,0.57875,33166.42,0.94054,flat,1.063116,33333.33
2026-01-28,97714.06,0.0,0.725971,flat,1.231454,31214.31,0.262026,flat,0.587194,33166.42,0.840552,flat,1.091696,33333.33
2026-01-29,97714.06,0.0,0.430435,flat,1.234975,31214.31,0.796522,flat,0.600255,33166.42,1.002545,flat,1.140974,33333.33
2026-01-30,97714.06,0.0,0.242178,flat,1.237868,31214.31,0.779312,flat,0.61137,33166.42,0.164786,flat,1.144326,33333.33
2026-02-02,97714.06,0.0,0.730539,flat,1.24349,31214.31,0.617707,flat,0.620121,33166.42,0.081343,flat,1.141663,33333.33
2026-02-03,97714.06,0.0,0.589105,flat,1.248804,31214.31,0.572573,flat,0.63782,33166.42,0.341313,flat,1.147079,33333.33
2026-02-04,97714.06,0.0,0.923598,flat,1.256138,31214.31,1.219757,flat,0.675009,33166.42,0.436495,flat,1.157124,33333.33
2026-02-05,97714.06,0.0,0.401882,flat,1.256682,31214.31,1.391424,flat,0.707396,33166.42,0.443975,flat,1.167821,33333.33
2026-02-06,97714.06,0.0,-0.084564,flat,1.252441,31214.31,0.986366,flat,0.738652,33166.42,0.611149,flat,1.183285,33333.33
2026-02-09,97714.06,0.0,-0.087802,flat,1.249064,31214.31,0.962689,flat,0.763429,33166.42,0.611853,flat,1.198704,33333.33
2026-02-10,97714.06,0.0,0.645451,flat,1.251673,31214.31,1.04116,flat,0.78609,33166.42,0.665968,flat,1.212614,33333.33
2026-02-11,97714.06,0.0,0.292228,flat,1.252085,31214.31,1.179337,flat,0.815032,33166.42,0.648837,flat,1.226455,33333.33
2026-02-12,97714.06,0.0,0.510789,flat,1.25456,31214.31,0.990591,flat,0.830068,33166.42,0.25261,flat,1.230062,33333.33
2026-02-13,97714.06,0.0,0.683649,flat,1.257329,31214.31,1.14796,flat,0.849957,33166.42,-0.218121,flat,1.222887,33333.33
2026-02-17,97714.06,0.0,0.616054,flat,1.258914,31214.31,1.104205,flat,0.871859,33166.42,-0.058306,flat,1.220661,33333.33
2026-02-18,97714.06,0.0,0.470719,flat,1.262319,31214.31,0.62094,flat,0.882458,33166.42,0.139163,flat,1.221293,33333.33
2026-02-19,97714.06,0.0,-0.159812,flat,1.266789,31214.31,0.261303,flat,0.882497,33166.42,0.031502,flat,1.221532,33333.33
2026-02-20,97714.06,0.0,-0.285545,flat,1.276055,31214.31,0.119852,flat,0.881477,33166.42,-0.432966,flat,1.215714,33333.33
2026-02-23,97714.06,0.0,-0.220197,flat,1.285801,31214.31,0.366873,flat,0.882048,33166.42,0.003515,flat,1.214469,33333.33
2026-02-24,97714.06,0.0,-0.45691,flat,1.296094,31214.31,0.016449,flat,0.879456,33166.42,-0.304011,flat,1.208135,33333.33
2026-02-25,97714.06,0.0,-0.056509,flat,1.307669,31214.31,-0.473457,flat,0.871816,33166.42,-0.138077,flat,1.202923,33333.33
2026-02-26,97714.06,0.0,-0.590823,flat,1.312982,31214.31,-0.845378,flat,0.859346,33166.42,-0.203724,flat,1.196628,33333.33
2026-02-27,97714.06,0.0,-0.933311,flat,1.311471,31214.31,-0.561798,flat,0.851771,33166.42,0.043727,flat,1.192555,33333.33
2026-03-02,97714.06,0.0,-0.897797,flat,1.304037,31214.31,-0.633684,flat,0.839578,33166.42,-0.116239,flat,1.186837,33333.33
2026-03-03,97714.06,0.0,-1.611182,flat,1.295045,31214.31,-0.930483,flat,0.824248,33166.42,-0.36083,flat,1.180605,33333.33
2026-03-04,97714.06,0.0,-1.12181,flat,1.290291,31214.31,-0.797732,flat,0.810948,33166.42,-0.244778,flat,1.173984,33333.33
2026-03-05,97714.06,0.0,-1.097289,flat,1.28149,31214.31,-0.669277,flat,0.801452,33166.42,-0.665245,flat,1.164081,33333.33
2026-03-06,97714.06,0.0,-1.245982,flat,1.274859,31214.31,-0.368659,flat,0.798497,33166.42,-0.562849,flat,1.156663,33333.33
2026-03-09,97714.06,0.0,-1.642701,flat,1.258826,31214.31,0.025807,flat,0.800548,33166.42,-0.593906,flat,1.155227,33333.33
2026-03-10,97714.06,0.0,-1.73404,flat,1.245241,31214.31,-0.171521,flat,0.803467,33166.42,-0.476048,flat,1.15249,33333.33
2026-03-11,97697.39,0.0,-2.181194,long_spread,1.22744,31197.64,-0.401336,flat,0.807471,33166.42,-0.7138,flat,1.147525,33333.33
2026-03-12,97001.59,-695.8,-3.201722,long_spread,1.209535,30501.84,-0.137602,flat,0.818263,33166.42,-1.105051,flat,1.13596,33333.33
2026-03-13,97559.75,558.16,-1.94295,long_spread,1.202751,31060.0,0.116383,flat,0.833393,33166.42,-0.615104,flat,1.128958,33333.33
2026-03-16,97426.44,-133.31,-2.209794,long_spread,1.201153,30926.69,0.007265,flat,0.839675,33166.42,-0.409978,flat,1.123479,33333.33
2026-03-17,97158.89,-267.55,-2.819461,long_spread,1.185979,30659.14,-0.47002,flat,0.841206,33166.42,-0.300374,flat,1.120002,33333.33
2026-03-18,96640.24,-518.64,-3.698566,long_spread,1.158514,30140.49,-0.67831,flat,0.836176,33166.42,-0.563924,flat,1.115571,33333.33
2026-03-19,97176.15,535.91,-2.69332,long_spread,1.126289,30676.4,-0.104026,flat,0.836005,33166.42,-0.828834,flat,1.1072,33333.33
2026-03-20,96960.6,-215.56,-2.905465,long_spread,1.085537,30460.85,-0.329662,flat,0.832572,33166.42,-0.590064,flat,1.100748,33333.33
2026-03-23,97407.76,447.16,-2.024823,long_spread,1.041117,30908.01,0.135576,flat,0.832447,33166.42,-0.790484,flat,1.092467,33333.33
2026-03-24,97555.93,148.17,-1.598085,long_spread,0.991202,31056.18,0.837183,flat,0.838366,33166.42,-0.319237,flat,1.090374,33333.33
2026-03-25,97768.3,212.37,-1.025713,long_spread,0.936734,31268.55,1.078147,flat,0.843864,33166.42,-0.410574,flat,1.088659,33333.33
2026-03-26,97830.09,61.79,-0.693296,long_spread,0.873423,31330.34,0.123435,flat,0.841261,33166.42,-0.41588,flat,1.088702,33333.33
2026-03-27,97528.19,-301.9,-0.72381,long_spread,0.796172,31028.44,0.176512,flat,0.842546,33166.42,-0.025147,flat,1.092366,33333.33
2026-03-30,97402.16,-126.03,-0.790267,long_spread,0.700268,30902.41,0.019028,flat,0.84414,33166.42,0.092936,flat,1.095636,33333.33
2026-03-31,97466.44,64.28,-0.497969,long_spread,0.621611,30966.69,-0.082697,flat,0.844428,33166.42,0.316083,flat,1.099355,33333.33
2026-04-01,97449.82,-16.62,-0.720195,long_spread,0.585944,30950.07,-0.556207,flat,0.839656,33166.42,0.257286,flat,1.091683,33333.33
2026-04-02,97198.1,-251.73,-1.008185,long_spread,0.541222,30698.35,-0.68097,flat,0.830609,33166.42,0.030865,flat,1.082849,33333.33
2026-04-06,97444.4,246.3,-0.563699,long_spread,0.477945,30944.65,-0.596444,flat,0.819686,33166.42,0.475474,flat,1.069591,33333.33
2026-04-07,97253.37,-191.03,-0.473433,long_spread,0.440104,30753.62,-1.507266,flat,0.803378,33166.42,0.200971,flat,1.05845,33333.33
2026-04-08,98069.32,832.62,0.636026,long_spread,0.4289,31569.57,-1.455278,flat,0.792276,33166.42,0.156087,flat,1.043606,33333.33
2026-04-09,98052.66,0.0,1.002953,flat,0.418237,31569.57,-2.174787,long_spread,0.778475,33149.76,0.302962,flat,1.02374,33333.33
2026-04-10,97603.11,-449.55,0.690753,flat,0.409469,31569.57,-2.758592,long_spread,0.755871,32700.21,0.117774,flat,1.006199,33333.33
2026-04-13,97497.99,-105.12,0.375737,flat,0.40734,31569.57,-2.731956,long_spread,0.733853,32595.09,-0.299426,flat,0.991259,33333.33
2026-04-14,97768.95999999999,270.97,0.46215,flat,0.399505,31569.57,-2.37111,long_spread,0.716248,32866.06,-0.250318,flat,0.973791,33333.33
2026-04-15,98086.82,317.86,0.924471,flat,0.397594,31569.57,-1.770353,long_spread,0.698999,33183.92,-0.026479,flat,0.956457,33333.33
2026-04-16,97805.19,-281.63,0.382647,flat,0.38676,31569.57,-1.925966,long_spread,0.677012,32902.29,0.041861,flat,0.940851,33333.33
2026-04-17,98335.23000000001,530.05,1.13016,flat,0.397359,31569.57,-1.638741,long_spread,0.666011,33432.33,-0.375886,flat,0.934521,33333.33
2026-04-20,98072.38,-262.85,1.009573,flat,0.408275,31569.57,-1.953899,long_spread,0.653873,33169.48,-0.072899,flat,0.926106,33333.33
2026-04-21,97937.8,-134.58,0.830369,flat,0.423157,31569.57,-1.826089,long_spread,0.637475,33034.9,-0.30542,flat,0.923435,33333.33
2026-04-22,98000.77,62.97,1.270086,flat,0.453776,31569.57,-1.625743,long_spread,0.620401,33097.87,-0.156928,flat,0.915889,33333.33
2026-04-23,97922.82,-77.95,1.193247,flat,0.490947,31569.57,-1.744759,long_spread,0.600871,33019.92,-0.142686,flat,0.912006,33333.33
2026-04-24,98123.79000000001,200.97,1.50126,flat,0.535142,31569.57,-1.253165,long_spread,0.584712,33220.89,-0.12265,flat,0.908597,33333.33
2026-04-27,98082.26000000001,-41.53,1.039239,flat,0.561981,31569.57,-1.165174,long_spread,0.572977,33179.36,-0.179656,flat,0.917407,33333.33
2026-04-28,98045.73000000001,-36.53,0.895824,flat,0.586781,31569.57,-1.082665,long_spread,0.559136,33142.83,-0.228622,flat,0.909849,33333.33
2026-04-29,98123.95000000001,78.22,0.448234,flat,0.607466,31569.57,-0.319391,long_spread,0.542988,33221.05,-0.015713,flat,0.893024,33333.33
2026-04-30,98564.59,457.3,0.70405,flat,0.640252,31569.57,0.537281,long_spread,0.539056,33661.69,-0.199931,flat,0.888612,33333.33
2026-05-01,98564.59,0.0,0.871656,flat,0.678672,31569.57,0.393474,flat,0.543478,33661.69,-0.140801,flat,0.891152,33333.33
